image,ground_truth,method,otsu_T,raw_fg_pixels,fg_pixels,ink_ratio,n_components,largest_component,bbox_coverage,decision,correct
01_HighQuality_Enhanced (1),PRESENT,global,,23383,23101,0.07237,8,18779,0.8632,SIGNATURE PRESENT,True
01_HighQuality_Enhanced (1),PRESENT,otsu,161.0,26725,27114,0.08494,7,25393,0.8657,SIGNATURE PRESENT,True
01_HighQuality_Enhanced (1),PRESENT,adaptive,,28072,28573,0.08951,5,27091,0.8668,SIGNATURE PRESENT,True
02_LowContrast (1),PRESENT,global,,1471,396,0.00124,3,162,0.045,SIGNATURE ABSENT,False
02_LowContrast (1),PRESENT,otsu,199.0,26785,27163,0.0851,7,25439,0.8657,SIGNATURE PRESENT,True
02_LowContrast (1),PRESENT,adaptive,,27029,27478,0.08608,5,26074,0.8668,SIGNATURE PRESENT,True
03_Blurred (1),PRESENT,global,,9151,8423,0.02639,16,2318,0.4769,SIGNATURE ABSENT,False
03_Blurred (1),PRESENT,otsu,198.0,37743,37944,0.11887,4,37626,0.8703,SIGNATURE PRESENT,True
03_Blurred (1),PRESENT,adaptive,,33675,33731,0.10567,6,31704,0.8763,SIGNATURE PRESENT,True
04_HighNoise (1),PRESENT,global,,20706,20245,0.06342,12,15949,0.8632,SIGNATURE PRESENT,True
04_HighNoise (1),PRESENT,otsu,169.0,26416,26684,0.0836,8,24697,0.8657,SIGNATURE PRESENT,True
04_HighNoise (1),PRESENT,adaptive,,28419,28175,0.08827,5,26725,0.8668,SIGNATURE PRESENT,True
05_LowResolution_Upsampled (1),PRESENT,global,,17389,16346,0.05121,12,6435,0.6823,SIGNATURE PRESENT,True
05_LowResolution_Upsampled (1),PRESENT,otsu,181.0,29339,29684,0.09299,6,28181,0.8668,SIGNATURE PRESENT,True
05_LowResolution_Upsampled (1),PRESENT,adaptive,,30503,30839,0.09661,5,29204,0.8728,SIGNATURE PRESENT,True
06_Faded_Underexposed (1),PRESENT,global,,27462,27948,0.08756,6,26275,0.8657,SIGNATURE PRESENT,True
06_Faded_Underexposed (1),PRESENT,otsu,124.0,26846,27228,0.0853,7,25528,0.8657,SIGNATURE PRESENT,True
06_Faded_Underexposed (1),PRESENT,adaptive,,26246,26670,0.08355,5,25306,0.8668,SIGNATURE PRESENT,True
07_ColorShift_WarmTint (1),PRESENT,global,,21731,21087,0.06606,11,16633,0.7093,SIGNATURE PRESENT,True
07_ColorShift_WarmTint (1),PRESENT,otsu,167.0,26870,27262,0.08541,7,25534,0.8657,SIGNATURE PRESENT,True
07_ColorShift_WarmTint (1),PRESENT,adaptive,,28019,28494,0.08927,5,27031,0.8679,SIGNATURE PRESENT,True
08_JPEGCompression_Artifacts (1),PRESENT,global,,20523,20092,0.06294,12,15901,0.8608,SIGNATURE PRESENT,True
08_JPEGCompression_Artifacts (1),PRESENT,otsu,173.0,26966,27374,0.08576,7,25604,0.8657,SIGNATURE PRESENT,True
08_JPEGCompression_Artifacts (1),PRESENT,adaptive,,28348,28836,0.09034,5,27320,0.8668,SIGNATURE PRESENT,True
09_CombinedDegradation (1),PRESENT,global,,23491,22918,0.0718,9,18242,0.8632,SIGNATURE PRESENT,True
09_CombinedDegradation (1),PRESENT,otsu,144.0,28487,28742,0.09004,7,26954,0.8679,SIGNATURE PRESENT,True
09_CombinedDegradation (1),PRESENT,adaptive,,28276,28572,0.08951,5,27092,0.8679,SIGNATURE PRESENT,True
01_HighQuality_Enhanced (1)_NOSIG,ABSENT,global,,1806,1751,0.00549,6,388,0.0275,SIGNATURE ABSENT,True
01_HighQuality_Enhanced (1)_NOSIG,ABSENT,otsu,166.0,2159,2195,0.00688,5,782,0.0295,SIGNATURE ABSENT,True
01_HighQuality_Enhanced (1)_NOSIG,ABSENT,adaptive,,2284,2311,0.00724,5,837,0.0307,SIGNATURE ABSENT,True
02_LowContrast (1)_NOSIG,ABSENT,global,,29,0,0.0,0,0,0.0,SIGNATURE ABSENT,True
02_LowContrast (1)_NOSIG,ABSENT,otsu,202.0,2171,2207,0.00691,5,784,0.029,SIGNATURE ABSENT,True
02_LowContrast (1)_NOSIG,ABSENT,adaptive,,2162,2192,0.00687,5,787,0.0295,SIGNATURE ABSENT,True
03_Blurred (1)_NOSIG,ABSENT,global,,150,0,0.0,0,0,0.0,SIGNATURE ABSENT,True
03_Blurred (1)_NOSIG,ABSENT,otsu,207.0,3850,3917,0.01227,1,3917,0.0307,SIGNATURE ABSENT,True
03_Blurred (1)_NOSIG,ABSENT,adaptive,,2731,2731,0.00856,5,1051,0.031,SIGNATURE ABSENT,True
04_HighNoise (1)_NOSIG,ABSENT,global,,1609,1517,0.00475,7,345,0.0273,SIGNATURE ABSENT,True
04_HighNoise (1)_NOSIG,ABSENT,otsu,174.0,2141,2170,0.0068,5,787,0.0288,SIGNATURE ABSENT,True
04_HighNoise (1)_NOSIG,ABSENT,adaptive,,2370,2274,0.00712,5,828,0.0306,SIGNATURE ABSENT,True
05_LowResolution_Upsampled (1)_NOSIG,ABSENT,global,,1252,1035,0.00324,6,283,0.0262,SIGNATURE ABSENT,True
05_LowResolution_Upsampled (1)_NOSIG,ABSENT,otsu,189.0,2614,2691,0.00843,3,1314,0.0295,SIGNATURE ABSENT,True
05_LowResolution_Upsampled (1)_NOSIG,ABSENT,adaptive,,2518,2573,0.00806,5,944,0.0309,SIGNATURE ABSENT,True
06_Faded_Underexposed (1)_NOSIG,ABSENT,global,,2189,2227,0.00698,5,787,0.029,SIGNATURE ABSENT,True
06_Faded_Underexposed (1)_NOSIG,ABSENT,otsu,127.0,2189,2227,0.00698,5,787,0.029,SIGNATURE ABSENT,True
06_Faded_Underexposed (1)_NOSIG,ABSENT,adaptive,,2073,2110,0.00661,5,754,0.0295,SIGNATURE ABSENT,True
07_ColorShift_WarmTint (1)_NOSIG,ABSENT,global,,1666,1613,0.00505,7,364,0.0273,SIGNATURE ABSENT,True
07_ColorShift_WarmTint (1)_NOSIG,ABSENT,otsu,172.0,2176,2214,0.00694,5,788,0.029,SIGNATURE ABSENT,True
07_ColorShift_WarmTint (1)_NOSIG,ABSENT,adaptive,,2274,2300,0.00721,5,833,0.0307,SIGNATURE ABSENT,True
08_JPEGCompression_Artifacts (1)_NOSIG,ABSENT,global,,1590,1441,0.00451,7,345,0.0264,SIGNATURE ABSENT,True
08_JPEGCompression_Artifacts (1)_NOSIG,ABSENT,otsu,179.0,2245,2275,0.00713,5,797,0.0288,SIGNATURE ABSENT,True
08_JPEGCompression_Artifacts (1)_NOSIG,ABSENT,adaptive,,2306,2347,0.00735,5,837,0.0307,SIGNATURE ABSENT,True
09_CombinedDegradation (1)_NOSIG,ABSENT,global,,1847,1800,0.00564,6,408,0.028,SIGNATURE ABSENT,True
09_CombinedDegradation (1)_NOSIG,ABSENT,otsu,149.0,2497,2575,0.00807,4,1246,0.0293,SIGNATURE ABSENT,True
09_CombinedDegradation (1)_NOSIG,ABSENT,adaptive,,2289,2348,0.00736,5,850,0.03,SIGNATURE ABSENT,True
01_HighQuality_Enhanced (1)_BLANK,ABSENT,global,,0,0,0.0,0,0,0.0,SIGNATURE ABSENT,True
01_HighQuality_Enhanced (1)_BLANK,ABSENT,otsu,247.0,140092,171140,0.53615,45,154818,1.0,SIGNATURE PRESENT,False
01_HighQuality_Enhanced (1)_BLANK,ABSENT,adaptive,,4,0,0.0,0,0,0.0,SIGNATURE ABSENT,True
02_LowContrast (1)_BLANK,ABSENT,global,,0,0,0.0,0,0,0.0,SIGNATURE ABSENT,True
02_LowContrast (1)_BLANK,ABSENT,otsu,244.0,136746,166281,0.52093,45,141559,1.0,SIGNATURE PRESENT,False
02_LowContrast (1)_BLANK,ABSENT,adaptive,,0,0,0.0,0,0,0.0,SIGNATURE ABSENT,True
03_Blurred (1)_BLANK,ABSENT,global,,0,0,0.0,0,0,0.0,SIGNATURE ABSENT,True
03_Blurred (1)_BLANK,ABSENT,otsu,248.0,178380,182675,0.57229,53,159334,1.0,SIGNATURE PRESENT,False
03_Blurred (1)_BLANK,ABSENT,adaptive,,0,0,0.0,0,0,0.0,SIGNATURE ABSENT,True
04_HighNoise (1)_BLANK,ABSENT,global,,0,0,0.0,0,0,0.0,SIGNATURE ABSENT,True
04_HighNoise (1)_BLANK,ABSENT,otsu,240.0,121921,109942,0.34443,117,59108,1.0,SIGNATURE PRESENT,False
04_HighNoise (1)_BLANK,ABSENT,adaptive,,1505,0,0.0,0,0,0.0,SIGNATURE ABSENT,True
05_LowResolution_Upsampled (1)_BLANK,ABSENT,global,,0,0,0.0,0,0,0.0,SIGNATURE ABSENT,True
05_LowResolution_Upsampled (1)_BLANK,ABSENT,otsu,247.0,116344,116258,0.36422,95,99442,1.0,SIGNATURE PRESENT,False
05_LowResolution_Upsampled (1)_BLANK,ABSENT,adaptive,,0,0,0.0,0,0,0.0,SIGNATURE ABSENT,True
06_Faded_Underexposed (1)_BLANK,ABSENT,global,,0,0,0.0,0,0,0.0,SIGNATURE ABSENT,True
06_Faded_Underexposed (1)_BLANK,ABSENT,otsu,158.0,123927,138466,0.43379,83,113918,1.0,SIGNATURE PRESENT,False
06_Faded_Underexposed (1)_BLANK,ABSENT,adaptive,,0,0,0.0,0,0,0.0,SIGNATURE ABSENT,True
07_ColorShift_WarmTint (1)_BLANK,ABSENT,global,,0,0,0.0,0,0,0.0,SIGNATURE ABSENT,True
07_ColorShift_WarmTint (1)_BLANK,ABSENT,otsu,239.0,128082,148674,0.46577,75,119835,1.0,SIGNATURE PRESENT,False
07_ColorShift_WarmTint (1)_BLANK,ABSENT,adaptive,,2,0,0.0,0,0,0.0,SIGNATURE ABSENT,True
08_JPEGCompression_Artifacts (1)_BLANK,ABSENT,global,,0,0,0.0,0,0,0.0,SIGNATURE ABSENT,True
08_JPEGCompression_Artifacts (1)_BLANK,ABSENT,otsu,247.0,127580,138596,0.4342,105,94770,1.0,SIGNATURE PRESENT,False
08_JPEGCompression_Artifacts (1)_BLANK,ABSENT,adaptive,,6,0,0.0,0,0,0.0,SIGNATURE ABSENT,True
09_CombinedDegradation (1)_BLANK,ABSENT,global,,0,0,0.0,0,0,0.0,SIGNATURE ABSENT,True
09_CombinedDegradation (1)_BLANK,ABSENT,otsu,190.0,166946,207035,0.64861,9,205210,1.0,SIGNATURE PRESENT,False
09_CombinedDegradation (1)_BLANK,ABSENT,adaptive,,0,0,0.0,0,0,0.0,SIGNATURE ABSENT,True
